"","NAME","GENDER","RACE","MARITAL","INCOME","AGE","type"
"1","Avril120 Olson653","F","white",NA,482269,36,"PATIENT"
"2","Norma469 Langosh790","F","white",NA,190464,25,"PATIENT"
"3","Peggie783 Eichmann909","F","white",NA,78997,21,"PATIENT"
"4","Ashlie138 Williamson769","F","white","M",6472,37,"PATIENT"
"5","Christiane220 Ankunding277","F","white",NA,141475,24,"PATIENT"
"6","Dione665 O'Kon634","F","white","M",482269,36,"PATIENT"
"7","Elliott563 Wilderman619","M","white","M",27664,55,"PATIENT"
"8","Evelia928 Kuhn96","F","white",NA,32577,16,"PATIENT"
"9","Basil991 Hilll811","M","white",NA,556548,22,"PATIENT"
"10","Damian46 Satterfield305","M","asian","W",122495,46,"PATIENT"
"11","Stormy472 Carter549","F","native","M",61653,40,"PATIENT"
"12","Ronna740 Feeney44","F","white","M",23164,41,"PATIENT"
"13","Keira502 Hessel84","F","white","S",14451,40,"PATIENT"
"14","Chun678 Hirthe744","F","white","S",71082,97,"PATIENT"
"15","Valentin929 O'Hara248","M","white",NA,35074,10,"PATIENT"
"16","Clara183 Roque844","F","white","M",316890,36,"PATIENT"
"17","Salvador46 Schuster709","M","white","M",13793,34,"PATIENT"
"18","Meri607 Stracke611","F","white","M",71082,97,"PATIENT"
"19","Nicolás801 Rosas160","M","white","S",931642,35,"PATIENT"
"20","Ruthanne627 Fahey393","F","white","M",78499,38,"PATIENT"
"21","Milo271 Vandervort697","M","black",NA,81860,18,"PATIENT"
"22","Jed345 Muller251","M","black","M",149354,65,"PATIENT"
"23","Margart214 Bogisich202","F","black","M",845935,65,"PATIENT"
"24","Joaquin141 Roberts511","M","black","S",149354,65,"PATIENT"
"25","Timmy68 Nolan344","M","white","S",67162,72,"PATIENT"
"26","Carey440 Stroman228","M","black",NA,23370,27,"PATIENT"
"27","Korey682 Abbott774","M","white","M",562431,71,"PATIENT"
"28","Valentine262 Wilderman619","F","white","D",766840,60,"PATIENT"
"29","Roxane435 Koss676","F","white",NA,6731,20,"PATIENT"
"30","Ricardo560 Ibarra303","M","white",NA,56691,15,"PATIENT"
"31","Enola75 Tromp100","F","white","S",135462,108,"PATIENT"
"32","Williams176 Mraz590","M","white",NA,76406,10,"PATIENT"
"33","Sammy219 Spinka232","M","white",NA,82945,15,"PATIENT"
"34","Onita767 Kemmer137","F","white",NA,95071,19,"PATIENT"
"35","Daron260 Hudson301","M","white","S",67162,72,"PATIENT"
"36","Tabitha433 Stoltenberg489","F","white","D",135462,108,"PATIENT"
"37","Christeen33 Schmitt836","F","white","M",10977,57,"PATIENT"
"38","Garry927 Olson653","M","white","S",67162,72,"PATIENT"
"39","Rocco842 Spencer878","M","white","D",67162,72,"PATIENT"
"40","Regine404 Orn563","F","white",NA,109501,23,"PATIENT"
"41","Dennis979 Dickens475","M","white","M",17559,72,"PATIENT"
"42","Malcolm243 Leuschke194","M","white","M",17559,72,"PATIENT"
"43","Brendan864 MacGyver246","M","white","D",17559,72,"PATIENT"
"44","Steven797 Morissette863","M","white",NA,17559,72,"PATIENT"
"45","Emmanuel930 Effertz744","M","white","S",17559,72,"PATIENT"
"46","Ramona980 O'Hara248","F","white","M",135462,108,"PATIENT"
"47","Donnetta255 Ratke343","F","white","M",139066,48,"PATIENT"
"48","Vernon254 Yundt842","M","white","S",562431,71,"PATIENT"
"49","Josiah310 Strosin214","M","white","M",46192,42,"PATIENT"
"50","Werner409 Boyer713","M","white",NA,52774,17,"PATIENT"
"51","Shanika235 McDermott739","F","white","M",80326,45,"PATIENT"
"52","Fabian647 Farrell962","M","white","M",25709,48,"PATIENT"
"53","Jesusa437 Mayer370","F","white","M",93916,50,"PATIENT"
"54","Mamie949 Leannon79","F","white","S",135462,108,"PATIENT"
"55","Noble66 Douglas31","M","black","M",34317,30,"PATIENT"
"56","Theodore876 Bechtelar572","M","black",NA,12273,9,"PATIENT"
"57","Garth972 Schamberger479","M","white",NA,42375,26,"PATIENT"
"58","Cecille691 Mraz590","F","white","S",80326,45,"PATIENT"
"59","Fredrick998 Wilkinson796","M","white",NA,42375,26,"PATIENT"
"60","Isidro558 Grimes165","M","white",NA,53258,3,"PATIENT"
"61","Hollis7 Mraz590","M","white","M",65731,57,"PATIENT"
"62","Akiko835 Larkin917","F","white","W",135462,108,"PATIENT"
"63","Morris740 Ullrich385","M","white",NA,24215,5,"PATIENT"
"64","Bula88 Prohaska837","F","white","M",67997,28,"PATIENT"
"65","Delmar187 Armstrong51","M","white","W",38120,43,"PATIENT"
"66","Meri607 Mosciski958","F","asian","M",35823,67,"PATIENT"
"67","Nikita578 Predovic534","F","white","M",143735,35,"PATIENT"
"68","Sal878 Beahan375","M","white","M",83407,41,"PATIENT"
"69","Hunter736 Moen819","M","black","W",42937,58,"PATIENT"
"70","Toney527 Crona259","M","white",NA,198052,23,"PATIENT"
"71","Susana117 Ochoa950","F","white",NA,15505,23,"PATIENT"
"72","Tawny381 Hills818","F","white",NA,141163,27,"PATIENT"
"73","Jay242 Emard19","M","black","M",42937,58,"PATIENT"
"74","Velia837 Price929","F","white",NA,549846,18,"PATIENT"
"75","Luanne915 Veum823","F","white","M",112997,72,"PATIENT"
"76","Russell422 Cummerata161","F","white",NA,836593,15,"PATIENT"
"77","Anneliese170 Berge125","F","white",NA,27763,25,"PATIENT"
"78","Erika442 Schultz619","F","white",NA,70432,14,"PATIENT"
"79","Dominic463 Wilderman619","M","white","M",83617,47,"PATIENT"
"80","Roselia779 Bauch723","F","white","D",129144,35,"PATIENT"
"81","Mirella222 Schinner682","F","white",NA,679267,23,"PATIENT"
"82","Horace32 Wiegand701","M","white",NA,101131,24,"PATIENT"
"83","Nathan164 Rau926","M","white","M",694501,56,"PATIENT"
"84","Annice210 McClure239","F","white","W",164281,65,"PATIENT"
"85","Tatum703 Balistreri607","F","white","D",20152,43,"PATIENT"
"86","Carol737 Watsica258","M","white","D",6274,44,"PATIENT"
"87","Arleen939 Kling921","F","white","M",84386,71,"PATIENT"
"88","Trula820 Johns824","F","white","M",62450,66,"PATIENT"
"89","Devon268 Lakin515","M","black","M",34914,44,"PATIENT"
"90","Merle11 Baumbach677","M","black","M",47442,29,"PATIENT"
"91","Keturah238 Doyle959","F","white",NA,76158,19,"PATIENT"
"92","Leah288 Orn563","F","white","S",25322,39,"PATIENT"
"93","Corey514 Gaylord332","F","white","D",60733,68,"PATIENT"
"94","Manuela585 Jáquez824","F","white","S",69394,64,"PATIENT"
"95","Latrina689 Smith67","F","white",NA,65972,19,"PATIENT"
"96","Drucilla444 Yost751","F","white",NA,84584,16,"PATIENT"
"97","Malcom15 Harber290","M","white","M",102106,55,"PATIENT"
"98","Nerissa37 Botsford977","F","white","D",145250,95,"PATIENT"
"99","Cedrick207 King743","M","black","M",82383,55,"PATIENT"
"100","Shirley182 Durgan499","M","other",NA,287779,7,"PATIENT"
"101","Margarite168 Turcotte120","F","asian","D",94138,47,"PATIENT"
"102","Byron202 Rempel203","M","white","D",3365,39,"PATIENT"
"103","Herlinda751 Wunsch504","F","white",NA,175514,8,"PATIENT"
"104","Leontine92 Schmidt332","F","white",NA,4255,22,"PATIENT"
"105","Vicente970 Towne435","M","white","M",19130,36,"PATIENT"
"106","Benjamin360 Hintz995","M","white","M",19130,36,"PATIENT"
"107","Casandra937 Grimes165","F","white","M",251326,70,"PATIENT"
"108","Wilfred787 Robel940","M","white",NA,82486,1,"PATIENT"
"109","Francis500 Koss676","M","white","S",74381,58,"PATIENT"
"110","Paul232 Walker122","M","white",NA,9083,8,"PATIENT"
"111","Gita759 Daniel959","F","white","M",286875,63,"PATIENT"
"112","Anthony633 Renner328","M","white",NA,146015,8,"PATIENT"
"113","Jacqualine965 Aufderhar910","F","white","D",85320,71,"PATIENT"
"114","Shira43 Mraz590","F","white","D",85320,71,"PATIENT"
"115","Retha410 Beatty507","F","white",NA,38842,24,"PATIENT"
"116","Carin553 Kassulke119","F","white","M",4790,28,"PATIENT"
"117","Susana117 Rivera179","F","white","M",19643,28,"PATIENT"
"118","Johnetta529 Volkman526","F","white",NA,38842,24,"PATIENT"
"119","Ranee391 O'Keefe54","F","hawaiian","S",22383,57,"PATIENT"
"120","Chet188 Bruen238","M","white","M",138769,35,"PATIENT"
"121","Waylon572 McDermott739","M","white","S",17544,53,"PATIENT"
"122","Ted955 Reilly981","M",NA,NA,NA,NA,"PROVIDER"
"123","Barbara209 Maldonado119","F",NA,NA,NA,NA,"PROVIDER"
"124","Gisele901 Lehner980","F",NA,NA,NA,NA,"PROVIDER"
"125","Vella930 Ankunding277","F",NA,NA,NA,NA,"PROVIDER"
"126","Precious140 Runolfsson901","F",NA,NA,NA,NA,"PROVIDER"
"127","Fernande593 Mosciski958","F",NA,NA,NA,NA,"PROVIDER"
"128","Jolie499 Parisian75","F",NA,NA,NA,NA,"PROVIDER"
"129","Archie818 McCullough561","M",NA,NA,NA,NA,"PROVIDER"
"130","Maxima831 Fahey393","F",NA,NA,NA,NA,"PROVIDER"
"131","Bok974 Howe413","F",NA,NA,NA,NA,"PROVIDER"
"132","Mickey576 Borer986","F",NA,NA,NA,NA,"PROVIDER"
"133","Laverna97 Rippin620","F",NA,NA,NA,NA,"PROVIDER"
"134","Concha418 Mann644","F",NA,NA,NA,NA,"PROVIDER"
"135","Margene509 Schamberger479","F",NA,NA,NA,NA,"PROVIDER"
"136","Óscar156 Zaragoza109","M",NA,NA,NA,NA,"PROVIDER"
"137","Jean712 Block661","F",NA,NA,NA,NA,"PROVIDER"
"138","Delmer311 Nolan344","M",NA,NA,NA,NA,"PROVIDER"
"139","Shasta644 King743","F",NA,NA,NA,NA,"PROVIDER"
"140","Jamal145 Stroman228","M",NA,NA,NA,NA,"PROVIDER"
"141","Carolynn568 Von197","F",NA,NA,NA,NA,"PROVIDER"
"142","Royce974 Kohler843","F",NA,NA,NA,NA,"PROVIDER"
"143","Verda448 Bahringer146","F",NA,NA,NA,NA,"PROVIDER"
"144","Sulema841 Ryan260","F",NA,NA,NA,NA,"PROVIDER"
"145","Brian582 Cummerata161","M",NA,NA,NA,NA,"PROVIDER"
"146","Ferdinand55 Moen819","M",NA,NA,NA,NA,"PROVIDER"
"147","Pablo44 Solís294","M",NA,NA,NA,NA,"PROVIDER"
"148","Zachery872 Pagac496","M",NA,NA,NA,NA,"PROVIDER"
"149","Colin861 Witting912","M",NA,NA,NA,NA,"PROVIDER"
"150","Zachery872 Rau926","M",NA,NA,NA,NA,"PROVIDER"
"151","Omer483 Koepp521","M",NA,NA,NA,NA,"PROVIDER"
"152","Damian46 Hansen121","M",NA,NA,NA,NA,"PROVIDER"
"153","Gerry91 Block661","F",NA,NA,NA,NA,"PROVIDER"
"154","Georgetta870 Turner526","F",NA,NA,NA,NA,"PROVIDER"
"155","Michel472 Zulauf375","M",NA,NA,NA,NA,"PROVIDER"
"156","Erasmo545 Crooks415","M",NA,NA,NA,NA,"PROVIDER"
"157","Sharron285 Batz141","F",NA,NA,NA,NA,"PROVIDER"
"158","Lucien408 Howe413","M",NA,NA,NA,NA,"PROVIDER"
"159","Johna806 Klein929","F",NA,NA,NA,NA,"PROVIDER"
"160","Denis399 Kohler843","M",NA,NA,NA,NA,"PROVIDER"
"161","Leif534 Dare640","M",NA,NA,NA,NA,"PROVIDER"
"162","Jack927 Rippin620","M",NA,NA,NA,NA,"PROVIDER"
"163","Waylon572 Lakin515","M",NA,NA,NA,NA,"PROVIDER"
"164","Danelle47 Ondricka197","F",NA,NA,NA,NA,"PROVIDER"
"165","Joanna347 Abbott774","F",NA,NA,NA,NA,"PROVIDER"
"166","Miyoko154 Paucek755","F",NA,NA,NA,NA,"PROVIDER"
"167","Eleni953 Franecki195","F",NA,NA,NA,NA,"PROVIDER"
"168","Rosemarie149 Gutmann970","F",NA,NA,NA,NA,"PROVIDER"
"169","Violette536 Halvorson124","F",NA,NA,NA,NA,"PROVIDER"
"170","Greg949 Hilll811","M",NA,NA,NA,NA,"PROVIDER"
"171","Abdul218 White193","M",NA,NA,NA,NA,"PROVIDER"
"172","Dee580 Schuster709","M",NA,NA,NA,NA,"PROVIDER"
"173","Kathlene786 Satterfield305","F",NA,NA,NA,NA,"PROVIDER"
"174","Georgianne697 Howe413","F",NA,NA,NA,NA,"PROVIDER"
"175","Zackary401 Mohr916","M",NA,NA,NA,NA,"PROVIDER"
"176","Cleveland582 Kuphal363","M",NA,NA,NA,NA,"PROVIDER"
"177","Booker670 Casper496","M",NA,NA,NA,NA,"PROVIDER"
"178","Olympia319 Bradtke547","F",NA,NA,NA,NA,"PROVIDER"
"179","Ilene33 Greenholt190","F",NA,NA,NA,NA,"PROVIDER"
"180","Alan320 West559","M",NA,NA,NA,NA,"PROVIDER"
"181","Elma843 McCullough561","F",NA,NA,NA,NA,"PROVIDER"
"182","Carla633 Cisneros174","F",NA,NA,NA,NA,"PROVIDER"
"183","Leah288 Sauer652","F",NA,NA,NA,NA,"PROVIDER"
"184","Victoria535 Delvalle807","F",NA,NA,NA,NA,"PROVIDER"
"185","Amado512 Adams676","M",NA,NA,NA,NA,"PROVIDER"
"186","Kathryn101 Donnelly343","F",NA,NA,NA,NA,"PROVIDER"
"187","Latrisha74 Rippin620","F",NA,NA,NA,NA,"PROVIDER"
"188","Octavio643 Prosacco716","M",NA,NA,NA,NA,"PROVIDER"
"189","Claudio955 Bruen238","M",NA,NA,NA,NA,"PROVIDER"
"190","Alvin56 Crona259","M",NA,NA,NA,NA,"PROVIDER"
"191","Beatriz277 Monroy712","F",NA,NA,NA,NA,"PROVIDER"
"192","Chris95 Haag279","M",NA,NA,NA,NA,"PROVIDER"
"193","Orpha286 Marks830","F",NA,NA,NA,NA,"PROVIDER"
"194","Duncan491 Halvorson124","M",NA,NA,NA,NA,"PROVIDER"
"195","Elmer371 Kutch271","F",NA,NA,NA,NA,"PROVIDER"
"196","Megan108 Dickens475","F",NA,NA,NA,NA,"PROVIDER"
"197","Paulene52 Kihn564","F",NA,NA,NA,NA,"PROVIDER"
"198","Rhett759 Padberg411","M",NA,NA,NA,NA,"PROVIDER"
"199","Benedict104 Barrows492","M",NA,NA,NA,NA,"PROVIDER"
"200","Delicia67 Bernhard322","F",NA,NA,NA,NA,"PROVIDER"
"201","Carla633 Cano735","F",NA,NA,NA,NA,"PROVIDER"
"202","Shemeka786 Conn188","F",NA,NA,NA,NA,"PROVIDER"
"203","Ricky354 Renner328","M",NA,NA,NA,NA,"PROVIDER"
"204","Hellen346 Roberts511","F",NA,NA,NA,NA,"PROVIDER"
"205","Carson894 Krajcik437","M",NA,NA,NA,NA,"PROVIDER"
"206","Bettina657 Marquardt819","F",NA,NA,NA,NA,"PROVIDER"
"207","Kirby843 McKenzie376","M",NA,NA,NA,NA,"PROVIDER"
"208","Matha641 Gerhold939","F",NA,NA,NA,NA,"PROVIDER"
"209","Shanita956 Wolff180","F",NA,NA,NA,NA,"PROVIDER"
"210","Karey608 Torp761","F",NA,NA,NA,NA,"PROVIDER"
"211","Cira533 Hane680","F",NA,NA,NA,NA,"PROVIDER"
"212","Irene779 Garza151","F",NA,NA,NA,NA,"PROVIDER"
"213","Man114 Balistreri607","M",NA,NA,NA,NA,"PROVIDER"
"214","Julio255 Calvillo618","M",NA,NA,NA,NA,"PROVIDER"
"215","Rudolf736 Vandervort697","M",NA,NA,NA,NA,"PROVIDER"
"216","Monte325 Parisian75","M",NA,NA,NA,NA,"PROVIDER"
"217","Otis335 Dickens475","M",NA,NA,NA,NA,"PROVIDER"
"218","Winston220 McCullough561","M",NA,NA,NA,NA,"PROVIDER"
"219","Robert854 Nicolas769","M",NA,NA,NA,NA,"PROVIDER"
"220","Henry768 Ebert178","M",NA,NA,NA,NA,"PROVIDER"
"221","Zachary28 Gleichner915","M",NA,NA,NA,NA,"PROVIDER"
"222","Stella203 Hammes673","F",NA,NA,NA,NA,"PROVIDER"
"223","Shaun461 Jast432","M",NA,NA,NA,NA,"PROVIDER"
"224","Velda682 Gutmann970","F",NA,NA,NA,NA,"PROVIDER"
"225","Cristi782 Leannon79","F",NA,NA,NA,NA,"PROVIDER"
"226","Maricruz991 Considine820","F",NA,NA,NA,NA,"PROVIDER"
"227","Shaquita282 Graham902","F",NA,NA,NA,NA,"PROVIDER"
"228","Harlan808 Langosh790","M",NA,NA,NA,NA,"PROVIDER"
"229","Nannie905 Mayert710","F",NA,NA,NA,NA,"PROVIDER"
"230","Tyler508 Ferry570","M",NA,NA,NA,NA,"PROVIDER"
"231","Althea11 Ankunding277","F",NA,NA,NA,NA,"PROVIDER"
"232","Eugenio846 Streich926","M",NA,NA,NA,NA,"PROVIDER"
"233","Myrle831 D'Amore443","F",NA,NA,NA,NA,"PROVIDER"
"234","Bea654 Daniel959","F",NA,NA,NA,NA,"PROVIDER"
"235","Chris95 Kub800","F",NA,NA,NA,NA,"PROVIDER"
"236","Tereasa291 Mueller846","F",NA,NA,NA,NA,"PROVIDER"
"237","Hyman89 Schmeler639","M",NA,NA,NA,NA,"PROVIDER"
"238","Tanner110 Roob72","M",NA,NA,NA,NA,"PROVIDER"
"239","Kai187 Mann644","F",NA,NA,NA,NA,"PROVIDER"
"240","Domonique463 Satterfield305","F",NA,NA,NA,NA,"PROVIDER"
"241","Antonette454 Tromp100","F",NA,NA,NA,NA,"PROVIDER"
"242","Lizeth852 Ernser583","F",NA,NA,NA,NA,"PROVIDER"
"243","Blanca837 Oquendo599","F",NA,NA,NA,NA,"PROVIDER"
"244","Araceli695 Willms744","F",NA,NA,NA,NA,"PROVIDER"
"245","Ross213 Wisozk929","M",NA,NA,NA,NA,"PROVIDER"
"246","Valentine262 Leannon79","M",NA,NA,NA,NA,"PROVIDER"
"247","Renato359 Kertzmann286","M",NA,NA,NA,NA,"PROVIDER"
"248","Sharyl439 Williamson769","F",NA,NA,NA,NA,"PROVIDER"
"249","Lamar193 Daniel959","M",NA,NA,NA,NA,"PROVIDER"
"250","Lynsey2 Lemke654","F",NA,NA,NA,NA,"PROVIDER"
"251","Vito638 Barton704","M",NA,NA,NA,NA,"PROVIDER"
"252","Majorie11 Bergstrom287","F",NA,NA,NA,NA,"PROVIDER"
"253","Walton167 Turner526","M",NA,NA,NA,NA,"PROVIDER"
"254","Kandi717 Beahan375","F",NA,NA,NA,NA,"PROVIDER"
"255","Nerissa37 Hahn503","F",NA,NA,NA,NA,"PROVIDER"
"256","Thomas756 Strosin214","M",NA,NA,NA,NA,"PROVIDER"
"257","Sunni15 Schroeder447","F",NA,NA,NA,NA,"PROVIDER"
"258","Tyron580 Reinger292","M",NA,NA,NA,NA,"PROVIDER"
"259","Frederic454 Larkin917","M",NA,NA,NA,NA,"PROVIDER"
"260","Terrence276 Kiehn525","M",NA,NA,NA,NA,"PROVIDER"
"261","Ronald408 Huels583","M",NA,NA,NA,NA,"PROVIDER"
"262","Eustolia154 Paucek755","F",NA,NA,NA,NA,"PROVIDER"
"263","Landon622 Kihn564","M",NA,NA,NA,NA,"PROVIDER"
"264","Mozell819 Prohaska837","F",NA,NA,NA,NA,"PROVIDER"
"265","Marisol435 Cedillo160","F",NA,NA,NA,NA,"PROVIDER"
"266","Caryl47 Bernier607","F",NA,NA,NA,NA,"PROVIDER"
"267","Neville893 Schoen8","M",NA,NA,NA,NA,"PROVIDER"
"268","Merrilee429 Daugherty69","F",NA,NA,NA,NA,"PROVIDER"
"269","Phillip440 Kunze215","M",NA,NA,NA,NA,"PROVIDER"
"270","Natividad796 Davis923","F",NA,NA,NA,NA,"PROVIDER"
"271","Jeromy156 Okuneva707","M",NA,NA,NA,NA,"PROVIDER"
"272","Eliseo499 Reinger292","M",NA,NA,NA,NA,"PROVIDER"
"273","Carlton317 Koch169","M",NA,NA,NA,NA,"PROVIDER"
"274","Margaret865 Reinger292","F",NA,NA,NA,NA,"PROVIDER"
"275","Luvenia178 Breitenberg711","F",NA,NA,NA,NA,"PROVIDER"
"276","Imogene688 Braun514","F",NA,NA,NA,NA,"PROVIDER"
"277","Lorie307 Grady603","F",NA,NA,NA,NA,"PROVIDER"
"278","Reggie481 Kassulke119","M",NA,NA,NA,NA,"PROVIDER"
"279","January966 Roberts511","F",NA,NA,NA,NA,"PROVIDER"
"280","Vince741 Morissette863","M",NA,NA,NA,NA,"PROVIDER"
"281","Mckinley734 Rodriguez71","M",NA,NA,NA,NA,"PROVIDER"
"282","María Soledad68 González124","F",NA,NA,NA,NA,"PROVIDER"
"283","Randy380 Bergstrom287","F",NA,NA,NA,NA,"PROVIDER"
"284","Marshall526 Lynch190","M",NA,NA,NA,NA,"PROVIDER"
"285","Cathey606 Kiehn525","F",NA,NA,NA,NA,"PROVIDER"
"286","Lyndon118 Trantow673","M",NA,NA,NA,NA,"PROVIDER"
"287","Linette249 Runte676","F",NA,NA,NA,NA,"PROVIDER"
"288","Pearline482 Pagac496","F",NA,NA,NA,NA,"PROVIDER"
"289","Evangeline16 Howe413","F",NA,NA,NA,NA,"PROVIDER"
"290","Carroll471 Eichmann909","M",NA,NA,NA,NA,"PROVIDER"
"291","Kellee902 Buckridge80","F",NA,NA,NA,NA,"PROVIDER"
"292","Antwan357 Lindgren255","M",NA,NA,NA,NA,"PROVIDER"
"293","Elijah719 White193","M",NA,NA,NA,NA,"PROVIDER"
"294","Ray930 Lueilwitz711","M",NA,NA,NA,NA,"PROVIDER"
"295","Ashlyn643 Lehner980","F",NA,NA,NA,NA,"PROVIDER"
"296","Maryann106 Hintz995","F",NA,NA,NA,NA,"PROVIDER"
"297","Donya787 Emmerich580","F",NA,NA,NA,NA,"PROVIDER"
"298","Lady554 Kovacek682","F",NA,NA,NA,NA,"PROVIDER"
"299","Kathe603 Davis923","F",NA,NA,NA,NA,"PROVIDER"
"300","Jerónimo599 Alba338","M",NA,NA,NA,NA,"PROVIDER"
"301","Monty345 Ferry570","M",NA,NA,NA,NA,"PROVIDER"
"302","Marshall526 Jenkins714","M",NA,NA,NA,NA,"PROVIDER"
"303","Silvia880 Howe413","F",NA,NA,NA,NA,"PROVIDER"
"304","Jean712 Koelpin146","F",NA,NA,NA,NA,"PROVIDER"
"305","Kendra609 Kassulke119","F",NA,NA,NA,NA,"PROVIDER"
"306","Dylan44 Robel940","M",NA,NA,NA,NA,"PROVIDER"
"307","Roberto515 Macías944","M",NA,NA,NA,NA,"PROVIDER"
"308","Veronika907 Rogahn59","F",NA,NA,NA,NA,"PROVIDER"
"309","Clora637 Pagac496","F",NA,NA,NA,NA,"PROVIDER"
"310","Jessie665 Pagac496","M",NA,NA,NA,NA,"PROVIDER"
"311","Sheldon401 Hoeger474","M",NA,NA,NA,NA,"PROVIDER"
"312","Margarita164 Abbott774","F",NA,NA,NA,NA,"PROVIDER"
"313","Mathilde204 Wintheiser220","F",NA,NA,NA,NA,"PROVIDER"
"314","Irina619 Stiedemann542","F",NA,NA,NA,NA,"PROVIDER"
"315","Isiah14 Schaefer657","M",NA,NA,NA,NA,"PROVIDER"
"316","Guillermo498 Fay398","M",NA,NA,NA,NA,"PROVIDER"
"317","Pamelia915 Kilback373","F",NA,NA,NA,NA,"PROVIDER"
"318","Rosaria177 Volkman526","F",NA,NA,NA,NA,"PROVIDER"
"319","Obdulia648 Schroeder447","F",NA,NA,NA,NA,"PROVIDER"
"320","Elvin140 Marks830","M",NA,NA,NA,NA,"PROVIDER"
"321","Mickey576 Gerlach374","M",NA,NA,NA,NA,"PROVIDER"
"322","Rod343 Goyette777","M",NA,NA,NA,NA,"PROVIDER"
"323","Leland44 Bernier607","M",NA,NA,NA,NA,"PROVIDER"
"324","Carmelita854 Tromp100","F",NA,NA,NA,NA,"PROVIDER"
"325","Jerrell6 Rippin620","M",NA,NA,NA,NA,"PROVIDER"
"326","Quentin28 Fritsch593","M",NA,NA,NA,NA,"PROVIDER"
"327","Patrina117 Strosin214","F",NA,NA,NA,NA,"PROVIDER"
"328","Emerita401 Satterfield305","F",NA,NA,NA,NA,"PROVIDER"
"329","Javier97 Collier206","M",NA,NA,NA,NA,"PROVIDER"
"330","Mariano761 Pagan507","M",NA,NA,NA,NA,"PROVIDER"
"331","Emilio417 Barton704","M",NA,NA,NA,NA,"PROVIDER"
"332","Esperanza675 Zepeda235","F",NA,NA,NA,NA,"PROVIDER"
"333","Leopoldo762 Keebler762","M",NA,NA,NA,NA,"PROVIDER"
"334","Brock407 VonRueden376","M",NA,NA,NA,NA,"PROVIDER"
"335","Tynisha348 Bogisich202","F",NA,NA,NA,NA,"PROVIDER"
"336","Charlena802 Lockman863","F",NA,NA,NA,NA,"PROVIDER"
"337","Refugio197 Crooks415","M",NA,NA,NA,NA,"PROVIDER"
"338","Georgeanna785 Schulist381","F",NA,NA,NA,NA,"PROVIDER"
"339","France571 Feil794","F",NA,NA,NA,NA,"PROVIDER"
"340","Vince741 Schmidt332","M",NA,NA,NA,NA,"PROVIDER"
"341","Sam879 Rippin620","F",NA,NA,NA,NA,"PROVIDER"
"342","Floy720 Greenfelder433","F",NA,NA,NA,NA,"PROVIDER"
"343","Hank686 Schneider199","M",NA,NA,NA,NA,"PROVIDER"
"344","Madelaine318 Walker122","F",NA,NA,NA,NA,"PROVIDER"
"345","Clarence5 Hyatt152","M",NA,NA,NA,NA,"PROVIDER"
"346","Robert854 Klein929","M",NA,NA,NA,NA,"PROVIDER"
"347","Tracie996 Lesch175","F",NA,NA,NA,NA,"PROVIDER"
"348","Dion244 Sanford861","M",NA,NA,NA,NA,"PROVIDER"
"349","Lashanda692 Gutmann970","F",NA,NA,NA,NA,"PROVIDER"
"350","Anh979 Schroeder447","F",NA,NA,NA,NA,"PROVIDER"
"351","Brooks264 Williamson769","M",NA,NA,NA,NA,"PROVIDER"
"352","Kristopher775 Schiller186","M",NA,NA,NA,NA,"PROVIDER"
"353","Yesenia104 Wilderman619","F",NA,NA,NA,NA,"PROVIDER"
"354","Andy346 Dare640","M",NA,NA,NA,NA,"PROVIDER"
"355","Shelli447 Schowalter414","F",NA,NA,NA,NA,"PROVIDER"
"356","Pedro316 Ozuna605","M",NA,NA,NA,NA,"PROVIDER"
"357","Nickolas58 Schumm995","M",NA,NA,NA,NA,"PROVIDER"
"358","Jacque955 Streich926","F",NA,NA,NA,NA,"PROVIDER"
"359","Ivonne773 Turcotte120","F",NA,NA,NA,NA,"PROVIDER"
"360","Lita714 White193","F",NA,NA,NA,NA,"PROVIDER"
"361","Malka46 Gerhold939","F",NA,NA,NA,NA,"PROVIDER"
"362","Amparo58 Hayes766","F",NA,NA,NA,NA,"PROVIDER"
"363","Sharilyn202 Wolff180","F",NA,NA,NA,NA,"PROVIDER"
"364","Moshe758 Stamm704","M",NA,NA,NA,NA,"PROVIDER"
"365","Paris331 Ruecker817","M",NA,NA,NA,NA,"PROVIDER"
"366","Britt177 Schmitt836","M",NA,NA,NA,NA,"PROVIDER"
"367","Wilhemina814 Lesch175","F",NA,NA,NA,NA,"PROVIDER"
"368","Caroline183 Lang846","F",NA,NA,NA,NA,"PROVIDER"
"369","Cira533 Jakubowski832","F",NA,NA,NA,NA,"PROVIDER"
"370","Wes853 Torphy630","M",NA,NA,NA,NA,"PROVIDER"
"371","Duane703 Bosco882","M",NA,NA,NA,NA,"PROVIDER"
"372","Elmer371 Gusikowski974","M",NA,NA,NA,NA,"PROVIDER"
"373","Sallie654 Jast432","F",NA,NA,NA,NA,"PROVIDER"
"374","Peter292 Cartwright189","M",NA,NA,NA,NA,"PROVIDER"
"375","Brendan864 Cremin516","M",NA,NA,NA,NA,"PROVIDER"
"376","Kyoko885 Price929","F",NA,NA,NA,NA,"PROVIDER"
"377","Boris111 Romaguera67","M",NA,NA,NA,NA,"PROVIDER"
"378","Kathi607 Hilpert278","F",NA,NA,NA,NA,"PROVIDER"
"379","Blanche121 Bailey598","F",NA,NA,NA,NA,"PROVIDER"
"380","Lincoln623 Block661","M",NA,NA,NA,NA,"PROVIDER"
"381","Freeda113 Crooks415","F",NA,NA,NA,NA,"PROVIDER"
"382","Alta896 Pfannerstill264","F",NA,NA,NA,NA,"PROVIDER"
"383","Burton124 Schoen8","M",NA,NA,NA,NA,"PROVIDER"
"384","Rutha66 Bergstrom287","F",NA,NA,NA,NA,"PROVIDER"
"385","Shella455 Reichel38","F",NA,NA,NA,NA,"PROVIDER"
"386","José María211 Carrasco324","M",NA,NA,NA,NA,"PROVIDER"
"387","Chad48 Weissnat378","M",NA,NA,NA,NA,"PROVIDER"
"388","Leonie332 Wunsch504","F",NA,NA,NA,NA,"PROVIDER"
"389","Greta919 Reinger292","F",NA,NA,NA,NA,"PROVIDER"
"390","Chang901 Kutch271","M",NA,NA,NA,NA,"PROVIDER"
"391","Malcolm243 Strosin214","M",NA,NA,NA,NA,"PROVIDER"
"392","Jamie386 Krajcik437","M",NA,NA,NA,NA,"PROVIDER"
"393","Jim478 Goyette777","M",NA,NA,NA,NA,"PROVIDER"
"394","María Eugenia578 Rentería94","F",NA,NA,NA,NA,"PROVIDER"
"395","Abraham100 McDermott739","M",NA,NA,NA,NA,"PROVIDER"
"396","Lakenya863 Hilpert278","F",NA,NA,NA,NA,"PROVIDER"
"397","Anderson154 Lemke654","M",NA,NA,NA,NA,"PROVIDER"
"398","Fawn386 Hettinger594","F",NA,NA,NA,NA,"PROVIDER"
"399","Hermelinda327 Hyatt152","F",NA,NA,NA,NA,"PROVIDER"
"400","Houston994 Funk324","M",NA,NA,NA,NA,"PROVIDER"
